[{"model": "investimentos.prioridade", "pk": 1, "fields": {"numero": 1}}, {"model": "investimentos.prioridade", "pk": 2, "fields": {"numero": 2}}, {"model": "investimentos.prioridade", "pk": 3, "fields": {"numero": 3}}, {"model": "investimentos.prioridade", "pk": 4, "fields": {"numero": 4}}, {"model": "investimentos.prioridade", "pk": 5, "fields": {"numero": 5}}, {"model": "investimentos.prioridade", "pk": 6, "fields": {"numero": 6}}, {"model": "investimentos.prioridade", "pk": 7, "fields": {"numero": 7}}, {"model": "investimentos.categoria", "pk": 1, "fields": {"nome": "Obras"}}, {"model": "investimentos.categoria", "pk": 2, "fields": {"nome": "Equipamentos"}}, {"model": "investimentos.categoria", "pk": 3, "fields": {"nome": "Obras de Acessibilidade"}}, {"model": "investimentos.categoria", "pk": 4, "fields": {"nome": "Obras de Segurança Contra Incêndio e Pânico"}}, {"model": "investimentos.categoria", "pk": 5, "fields": {"nome": "Implantação de Sede Definitiva"}}, {"model": "investimentos.categoria", "pk": 6, "fields": {"nome": "Área: Energias Renováveis"}}, {"model": "investimentos.categoria", "pk": 7, "fields": {"nome": "Área: IF Maker"}}, {"model": "investimentos.opcaoresposta", "pk": 1, "fields": {"nome": "Muito importante"}}, {"model": "investimentos.opcaoresposta", "pk": 2, "fields": {"nome": "Importante"}}, {"model": "investimentos.opcaoresposta", "pk": 3, "fields": {"nome": "Pouco Importante"}}, {"model": "investimentos.opcaoresposta", "pk": 4, "fields": {"nome": "Em Execução"}}, {"model": "investimentos.opcaoresposta", "pk": 5, "fields": {"nome": "Paralisada"}}, {"model": "investimentos.opcaoresposta", "pk": 6, "fields": {"nome": "Nova"}}, {"model": "investimentos.opcaoresposta", "pk": 7, "fields": {"nome": "Não Iniciado"}}, {"model": "investimentos.opcaoresposta", "pk": 8, "fields": {"nome": "Em Elaboração de Projeto"}}, {"model": "investimentos.opcaoresposta", "pk": 9, "fields": {"nome": "Em Licitação"}}, {"model": "investimentos.opcaoresposta", "pk": 10, "fields": {"nome": "Pronto para empenho"}}, {"model": "investimentos.opcaoresposta", "pk": 11, "fields": {"nome": "Em Execução"}}, {"model": "investimentos.opcaoresposta", "pk": 12, "fields": {"nome": "Paralisada"}}, {"model": "investimentos.opcaoresposta", "pk": 13, "fields": {"nome": "Nova"}}, {"model": "investimentos.opcaoresposta", "pk": 14, "fields": {"nome": "Não iniciado"}}, {"model": "investimentos.opcaoresposta", "pk": 15, "fields": {"nome": "Em Elaboração de Projetos"}}, {"model": "investimentos.opcaoresposta", "pk": 16, "fields": {"nome": "Em Licitação"}}, {"model": "investimentos.opcaoresposta", "pk": 17, "fields": {"nome": "Pronto para empenho"}}, {"model": "investimentos.opcaoresposta", "pk": 18, "fields": {"nome": "Em Execução"}}, {"model": "investimentos.opcaoresposta", "pk": 19, "fields": {"nome": "Paralisada"}}, {"model": "investimentos.opcaoresposta", "pk": 20, "fields": {"nome": "Nova"}}, {"model": "investimentos.opcaoresposta", "pk": 21, "fields": {"nome": "Não iniciado"}}, {"model": "investimentos.opcaoresposta", "pk": 22, "fields": {"nome": "Em Elaboração de Projetos"}}, {"model": "investimentos.opcaoresposta", "pk": 23, "fields": {"nome": "Em Licitação"}}, {"model": "investimentos.opcaoresposta", "pk": 24, "fields": {"nome": "Pronto para empenho"}}, {"model": "investimentos.opcaoresposta", "pk": 25, "fields": {"nome": "Mobiliários em geral"}}, {"model": "investimentos.opcaoresposta", "pk": 26, "fields": {"nome": "Equipamentos para Laboratórios"}}, {"model": "investimentos.opcaoresposta", "pk": 27, "fields": {"nome": "Equipamentos EnergIFE"}}, {"model": "investimentos.opcaoresposta", "pk": 28, "fields": {"nome": "Equipamentos de TIC"}}, {"model": "investimentos.opcaoresposta", "pk": 29, "fields": {"nome": "Material bibliográfico"}}, {"model": "investimentos.opcaoresposta", "pk": 30, "fields": {"nome": "Não iniciado"}}, {"model": "investimentos.opcaoresposta", "pk": 31, "fields": {"nome": "Em Licitação"}}, {"model": "investimentos.opcaoresposta", "pk": 32, "fields": {"nome": "Pronto para empenho"}}, {"model": "investimentos.opcaoresposta", "pk": 33, "fields": {"nome": "Em Execução"}}, {"model": "investimentos.opcaoresposta", "pk": 34, "fields": {"nome": "Paralisada"}}, {"model": "investimentos.opcaoresposta", "pk": 35, "fields": {"nome": "Nova"}}, {"model": "investimentos.opcaoresposta", "pk": 36, "fields": {"nome": "Não iniciado"}}, {"model": "investimentos.opcaoresposta", "pk": 37, "fields": {"nome": "Em Elaboração de Projetos"}}, {"model": "investimentos.opcaoresposta", "pk": 38, "fields": {"nome": "Em Licitação"}}, {"model": "investimentos.opcaoresposta", "pk": 39, "fields": {"nome": "Pronto para empenho"}}, {"model": "investimentos.opcaoresposta", "pk": 40, "fields": {"nome": "Imóvel de terceiro, mediante locação"}}, {"model": "investimentos.opcaoresposta", "pk": 41, "fields": {"nome": "Parceria com outro órgão público"}}, {"model": "investimentos.opcaoresposta", "pk": 42, "fields": {"nome": "Junto com outra unidade da própria instituição"}}, {"model": "investimentos.pergunta", "pk": 1, "fields": {"categoria": 1, "texto": "Tipo:", "obrigatoria": true, "tipo_resposta": 8, "opcoes": [4, 5, 6]}}, {"model": "investimentos.pergunta", "pk": 2, "fields": {"categoria": 1, "texto": "Data prevista para conclusão:", "obrigatoria": true, "tipo_resposta": 5, "opcoes": []}}, {"model": "investimentos.pergunta", "pk": 3, "fields": {"categoria": 2, "texto": "Tipo:", "obrigatoria": true, "tipo_resposta": 8, "opcoes": [25, 26, 27, 28, 29]}}, {"model": "investimentos.pergunta", "pk": 4, "fields": {"categoria": 2, "texto": "Situação atual do processo:", "obrigatoria": true, "tipo_resposta": 8, "opcoes": [30, 31, 32]}}, {"model": "investimentos.pergunta", "pk": 5, "fields": {"categoria": 2, "texto": "Se a resposta anterior não foi \"Pronto para empenho\", qual a previsão disso ocorrer?", "obrigatoria": false, "tipo_resposta": 5, "opcoes": [1, 2, 3]}}, {"model": "investimentos.pergunta", "pk": 6, "fields": {"categoria": 1, "texto": "Situação atual do processo:", "obrigatoria": true, "tipo_resposta": 8, "opcoes": [7, 8, 9, 10]}}, {"model": "investimentos.pergunta", "pk": 7, "fields": {"categoria": 1, "texto": "Se a resposta anterior não foi \"Pronto para empenho\", qual a previsão disso ocorrer?", "obrigatoria": false, "tipo_resposta": 5, "opcoes": []}}, {"model": "investimentos.pergunta", "pk": 8, "fields": {"categoria": 1, "texto": "A demanda decorre de determinação judicial, órgãos de fiscalização ou órgãos de controle?", "obrigatoria": true, "tipo_resposta": 6, "opcoes": []}}, {"model": "investimentos.pergunta", "pk": 9, "fields": {"categoria": 1, "texto": "Em caso positivo na resposta anterior, favor especificar:", "obrigatoria": false, "tipo_resposta": 2, "opcoes": []}}, {"model": "investimentos.pergunta", "pk": 10, "fields": {"categoria": 1, "texto": "A demanda está devidamente alinhada com o PDI da instituição?", "obrigatoria": true, "tipo_resposta": 6, "opcoes": []}}, {"model": "investimentos.pergunta", "pk": 11, "fields": {"categoria": 1, "texto": "Indicar o link para acesso ao PDI:", "obrigatoria": true, "tipo_resposta": 1, "opcoes": []}}, {"model": "investimentos.pergunta", "pk": 12, "fields": {"categoria": 1, "texto": "A instituição já recebeu algum valor da SETEC para essa demanda (incluindo exercícios anteriores)?", "obrigatoria": true, "tipo_resposta": 6, "opcoes": []}}, {"model": "investimentos.pergunta", "pk": 13, "fields": {"categoria": 1, "texto": "Em caso positivo na resposta anterior, indicar o número do TED:", "obrigatoria": false, "tipo_resposta": 4, "opcoes": []}}, {"model": "investimentos.pergunta", "pk": 14, "fields": {"categoria": 1, "texto": "A obra está atualizada no SIMEC – Monitoramento de Obras?", "obrigatoria": true, "tipo_resposta": 6, "opcoes": []}}, {"model": "investimentos.pergunta", "pk": 15, "fields": {"categoria": 1, "texto": "Indicar o número ID da Obra no SIMEC - Monitoramento de Obras", "obrigatoria": true, "tipo_resposta": 4, "opcoes": []}}, {"model": "investimentos.pergunta", "pk": 17, "fields": {"categoria": 3, "texto": "Tipo:", "obrigatoria": false, "tipo_resposta": 8, "opcoes": [11, 12, 13]}}, {"model": "investimentos.pergunta", "pk": 18, "fields": {"categoria": 3, "texto": "Data prevista para conclusão:", "obrigatoria": true, "tipo_resposta": 5, "opcoes": []}}, {"model": "investimentos.pergunta", "pk": 19, "fields": {"categoria": 3, "texto": "Situação atual do processo:", "obrigatoria": false, "tipo_resposta": 8, "opcoes": [14, 15, 16, 17]}}, {"model": "investimentos.pergunta", "pk": 20, "fields": {"categoria": 3, "texto": "Se a resposta anterior não foi \"Pronto para empenho\" qual a previsão disso ocorrer?", "obrigatoria": true, "tipo_resposta": 5, "opcoes": []}}, {"model": "investimentos.pergunta", "pk": 21, "fields": {"categoria": 3, "texto": "A demanda decorre de determinação judicial, órgãos de fiscalização ou órgãos de controle?", "obrigatoria": true, "tipo_resposta": 6, "opcoes": []}}, {"model": "investimentos.pergunta", "pk": 22, "fields": {"categoria": 3, "texto": "Em caso positivo na resposta anterior, favor especificar:", "obrigatoria": false, "tipo_resposta": 2, "opcoes": []}}, {"model": "investimentos.pergunta", "pk": 23, "fields": {"categoria": 3, "texto": "A demanda está devidamente alinhada com o PDI da instituição?", "obrigatoria": true, "tipo_resposta": 6, "opcoes": []}}, {"model": "investimentos.pergunta", "pk": 24, "fields": {"categoria": 3, "texto": "Indicar o link para acesso ao PDI:", "obrigatoria": true, "tipo_resposta": 1, "opcoes": []}}, {"model": "investimentos.pergunta", "pk": 25, "fields": {"categoria": 3, "texto": "A instituição já recebeu algum valor da SETEC para essa demanda (incluindo exercício anteriores)?", "obrigatoria": true, "tipo_resposta": 6, "opcoes": []}}, {"model": "investimentos.pergunta", "pk": 26, "fields": {"categoria": 3, "texto": "Em caso positivo na resposta anterior, indicar o número do TED:", "obrigatoria": false, "tipo_resposta": 4, "opcoes": []}}, {"model": "investimentos.pergunta", "pk": 27, "fields": {"categoria": 3, "texto": "A obra está atualizada no SIMEC – Monitoramento de Obras?", "obrigatoria": true, "tipo_resposta": 6, "opcoes": []}}, {"model": "investimentos.pergunta", "pk": 28, "fields": {"categoria": 3, "texto": "Indicar o número do ID da obra no SIMEC - Monitoramento de Obras:", "obrigatoria": true, "tipo_resposta": 4, "opcoes": []}}, {"model": "investimentos.pergunta", "pk": 29, "fields": {"categoria": 4, "texto": "Tipo:", "obrigatoria": true, "tipo_resposta": 8, "opcoes": [18, 19, 20]}}, {"model": "investimentos.pergunta", "pk": 30, "fields": {"categoria": 4, "texto": "Data prevista para conclusão:", "obrigatoria": true, "tipo_resposta": 5, "opcoes": []}}, {"model": "investimentos.pergunta", "pk": 31, "fields": {"categoria": 4, "texto": "Situação atual do processo:", "obrigatoria": false, "tipo_resposta": 8, "opcoes": [21, 22, 23, 24]}}, {"model": "investimentos.pergunta", "pk": 32, "fields": {"categoria": 4, "texto": "Se a resposta anterior não foi \"Pronto para empenho\", qual a previsão disso ocorrer?", "obrigatoria": false, "tipo_resposta": 5, "opcoes": []}}, {"model": "investimentos.pergunta", "pk": 33, "fields": {"categoria": 4, "texto": "A demanda decorre de determinação judicial, órgãos de fiscalização ou órgãos de controle?", "obrigatoria": true, "tipo_resposta": 6, "opcoes": []}}, {"model": "investimentos.pergunta", "pk": 34, "fields": {"categoria": 4, "texto": "Em caso positivo na resposta anterior, especificar os detalhes da demanda:", "obrigatoria": false, "tipo_resposta": 2, "opcoes": []}}, {"model": "investimentos.pergunta", "pk": 35, "fields": {"categoria": 4, "texto": "A demanda está devidamente alinhada com o PDI da instituição?", "obrigatoria": true, "tipo_resposta": 6, "opcoes": []}}, {"model": "investimentos.pergunta", "pk": 36, "fields": {"categoria": 4, "texto": "Indicar o link para acesso ao PDI:", "obrigatoria": true, "tipo_resposta": 1, "opcoes": []}}, {"model": "investimentos.pergunta", "pk": 37, "fields": {"categoria": 4, "texto": "A instituição já recebeu algum valor da SETEC para essa demanda (incluindo exercício anteriores)?", "obrigatoria": true, "tipo_resposta": 6, "opcoes": []}}, {"model": "investimentos.pergunta", "pk": 38, "fields": {"categoria": 4, "texto": "Em caso positivo na resposta anterior, indicar o número do TED:", "obrigatoria": false, "tipo_resposta": 4, "opcoes": []}}, {"model": "investimentos.pergunta", "pk": 39, "fields": {"categoria": 4, "texto": "A obra está atualizada no SIMEC – Monitoramento de Obras?", "obrigatoria": true, "tipo_resposta": 6, "opcoes": []}}, {"model": "investimentos.pergunta", "pk": 40, "fields": {"categoria": 4, "texto": "Indicar o número do ID da obra no SIMEC - Monitoramento de Obras:", "obrigatoria": true, "tipo_resposta": 4, "opcoes": []}}, {"model": "investimentos.pergunta", "pk": 41, "fields": {"categoria": 2, "texto": "A demanda é para atender alguma obra concluída recentemente?", "obrigatoria": true, "tipo_resposta": 6, "opcoes": []}}, {"model": "investimentos.pergunta", "pk": 42, "fields": {"categoria": 2, "texto": "Em caso positivo na resposta anterior, indicar o ID da Obra no SIMEC - Monitoramento de Obras:", "obrigatoria": false, "tipo_resposta": 4, "opcoes": []}}, {"model": "investimentos.pergunta", "pk": 43, "fields": {"categoria": 2, "texto": "As demandas de TIC estão alinhadas com o PDTIC da instituição?", "obrigatoria": false, "tipo_resposta": 6, "opcoes": []}}, {"model": "investimentos.pergunta", "pk": 44, "fields": {"categoria": 2, "texto": "A instituição já recebeu algum valor da SETEC para essa demanda (incluindo exercícios anteriores)?", "obrigatoria": true, "tipo_resposta": 6, "opcoes": []}}, {"model": "investimentos.pergunta", "pk": 45, "fields": {"categoria": 2, "texto": "Em caso positivo na resposta anterior, indicar o número do TED:", "obrigatoria": false, "tipo_resposta": 4, "opcoes": []}}, {"model": "investimentos.pergunta", "pk": 46, "fields": {"categoria": 5, "texto": "Tipo:", "obrigatoria": false, "tipo_resposta": 8, "opcoes": [33, 34, 35]}}, {"model": "investimentos.pergunta", "pk": 47, "fields": {"categoria": 5, "texto": "Data prevista para conclusão:", "obrigatoria": true, "tipo_resposta": 5, "opcoes": []}}, {"model": "investimentos.pergunta", "pk": 48, "fields": {"categoria": 5, "texto": "Situação atual do processo:", "obrigatoria": true, "tipo_resposta": 8, "opcoes": [36, 37, 38, 39]}}, {"model": "investimentos.pergunta", "pk": 49, "fields": {"categoria": 5, "texto": "Se a resposta anterior não foi \"Pronto para empenho\", qual a previsão disso ocorrer?", "obrigatoria": false, "tipo_resposta": 5, "opcoes": []}}, {"model": "investimentos.pergunta", "pk": 50, "fields": {"categoria": 5, "texto": "Em qual situação a unidade funciona atualmente?", "obrigatoria": false, "tipo_resposta": 8, "opcoes": [40, 41, 42]}}, {"model": "investimentos.pergunta", "pk": 51, "fields": {"categoria": 5, "texto": "Caso o espaço seja alugado, qual o valor de aluguel pago mensalmente?", "obrigatoria": false, "tipo_resposta": 3, "opcoes": []}}, {"model": "investimentos.pergunta", "pk": 52, "fields": {"categoria": 5, "texto": "A demanda está devidamente alinhada com o PDI da instituição?", "obrigatoria": true, "tipo_resposta": 6, "opcoes": []}}, {"model": "investimentos.pergunta", "pk": 53, "fields": {"categoria": 5, "texto": "A instituição já recebeu algum valor da SETEC para essa demanda (incluindo exercício anteriores)?", "obrigatoria": true, "tipo_resposta": 6, "opcoes": []}}, {"model": "investimentos.pergunta", "pk": 54, "fields": {"categoria": 5, "texto": "Em caso positivo na resposta anterior, indicar o número do TED:", "obrigatoria": false, "tipo_resposta": 4, "opcoes": []}}, {"model": "investimentos.pergunta", "pk": 55, "fields": {"categoria": 5, "texto": "A obra está devidamente atualizada no SIMEC – Monitoramento de Obras?", "obrigatoria": true, "tipo_resposta": 6, "opcoes": []}}, {"model": "investimentos.pergunta", "pk": 56, "fields": {"categoria": 5, "texto": "Em caso positivo na resposta anterior, indicar o número do TED:", "obrigatoria": false, "tipo_resposta": 4, "opcoes": []}}]